{"PID":35.0,"condition":0.1,"taskTime":629.4734,"collisionPenalty":201.843124,"distancePenalty":62.3607941,"radPenalty":8149.678,"collisions":99.0}
{"PID":35.0,"condition":1.1,"taskTime":88.0878448,"collisionPenalty":100.662209,"distancePenalty":23.0893383,"radPenalty":510.8005,"collisions":49.0}
{"PID":35.0,"condition":4.2,"taskTime":144.986542,"collisionPenalty":190.217392,"distancePenalty":51.9337959,"radPenalty":559.646057,"collisions":85.0}
{"PID":36.0,"condition":0.1,"taskTime":895.7612,"collisionPenalty":489.443,"distancePenalty":122.001381,"radPenalty":16028.9492,"collisions":193.0}
{"PID":36.0,"condition":2.2,"taskTime":169.993271,"collisionPenalty":151.881439,"distancePenalty":41.8379822,"radPenalty":869.323547,"collisions":73.0}
{"PID":36.0,"condition":3.1,"taskTime":130.541519,"collisionPenalty":115.117165,"distancePenalty":34.4842834,"radPenalty":633.177,"collisions":54.0}
{"PID":25.0,"condition":0.1,"taskTime":34.0611076,"collisionPenalty":44.2181931,"distancePenalty":14.3941984,"radPenalty":174.260635,"collisions":20.0}
{"PID":25.0,"condition":4.2,"taskTime":179.448166,"collisionPenalty":146.670319,"distancePenalty":52.828,"radPenalty":760.0132,"collisions":72.0}
{"PID":25.0,"condition":1.1,"taskTime":197.821838,"collisionPenalty":279.2084,"distancePenalty":82.90203,"radPenalty":2330.98169,"collisions":129.0}
{"PID":5.0,"condition":0.1,"taskTime":709.4213,"collisionPenalty":749.3933,"distancePenalty":175.648254,"radPenalty":4729.5625,"collisions":359.0}
{"PID":5.0,"condition":3.1,"taskTime":222.859589,"collisionPenalty":122.79969,"distancePenalty":50.5984344,"radPenalty":997.027466,"collisions":54.0}
{"PID":5.0,"condition":2.2,"taskTime":192.612656,"collisionPenalty":93.13752,"distancePenalty":38.00571,"radPenalty":1253.96094,"collisions":44.0}
{"PID":4.0,"condition":0.1,"taskTime":626.033142,"collisionPenalty":264.812042,"distancePenalty":137.811737,"radPenalty":4242.97852,"collisions":130.0}
{"PID":4.0,"condition":1.1,"taskTime":148.442322,"collisionPenalty":67.53016,"distancePenalty":28.7066765,"radPenalty":901.9584,"collisions":32.0}
{"PID":4.0,"condition":4.2,"taskTime":137.225784,"collisionPenalty":82.97394,"distancePenalty":40.4607124,"radPenalty":830.1385,"collisions":41.0}
{"PID":26.0,"condition":0.1,"taskTime":521.0808,"collisionPenalty":417.2881,"distancePenalty":80.26056,"radPenalty":6436.636,"collisions":202.0}
{"PID":26.0,"condition":2.2,"taskTime":870.2439,"collisionPenalty":1162.141,"distancePenalty":247.555359,"radPenalty":3099.996,"collisions":572.0}
{"PID":26.0,"condition":3.1,"taskTime":431.0766,"collisionPenalty":341.034821,"distancePenalty":79.93298,"radPenalty":1611.80981,"collisions":161.0}
{"PID":31.0,"condition":0.1,"taskTime":547.3068,"collisionPenalty":137.515228,"distancePenalty":68.6569748,"radPenalty":3256.36035,"collisions":68.0}
{"PID":31.0,"condition":4.2,"taskTime":356.881439,"collisionPenalty":135.630692,"distancePenalty":50.1713028,"radPenalty":1870.10156,"collisions":67.0}
{"PID":31.0,"condition":1.1,"taskTime":210.5906,"collisionPenalty":94.65066,"distancePenalty":34.2214546,"radPenalty":1215.07349,"collisions":46.0}
{"PID":20.0,"condition":0.1,"taskTime":1412.11279,"collisionPenalty":672.88,"distancePenalty":204.597061,"radPenalty":6099.746,"collisions":332.0}
{"PID":20.0,"condition":3.1,"taskTime":324.190826,"collisionPenalty":276.65387,"distancePenalty":90.7025,"radPenalty":1373.54724,"collisions":123.0}
{"PID":20.0,"condition":2.2,"taskTime":301.33316,"collisionPenalty":293.100616,"distancePenalty":69.4575958,"radPenalty":2107.46582,"collisions":140.0}
{"PID":1.0,"condition":0.1,"taskTime":695.6274,"collisionPenalty":897.9139,"distancePenalty":252.988022,"radPenalty":8392.796,"collisions":441.0}
{"PID":1.0,"condition":1.1,"taskTime":182.305618,"collisionPenalty":403.141937,"distancePenalty":147.600311,"radPenalty":1053.41565,"collisions":188.0}
{"PID":1.0,"condition":4.2,"taskTime":143.263519,"collisionPenalty":160.273,"distancePenalty":98.2142,"radPenalty":701.6082,"collisions":74.0}
{"PID":23.0,"condition":0.1,"taskTime":315.231079,"collisionPenalty":205.362518,"distancePenalty":45.9447365,"radPenalty":1246.18237,"collisions":96.0}
{"PID":23.0,"condition":0.1,"taskTime":505.5186,"collisionPenalty":375.94278,"distancePenalty":92.81383,"radPenalty":4560.819,"collisions":177.0}
{"PID":23.0,"condition":0.1,"taskTime":833.693054,"collisionPenalty":645.476,"distancePenalty":175.167679,"radPenalty":6235.45,"collisions":309.0}
{"PID":23.0,"condition":2.2,"taskTime":132.5494,"collisionPenalty":227.874115,"distancePenalty":55.133728,"radPenalty":506.95282,"collisions":109.0}
{"PID":23.0,"condition":3.1,"taskTime":95.42066,"collisionPenalty":187.6425,"distancePenalty":50.6576,"radPenalty":350.733154,"collisions":88.0}
{"PID":24.0,"condition":0.1,"taskTime":515.72345,"collisionPenalty":133.247086,"distancePenalty":51.74666,"radPenalty":4438.37744,"collisions":65.0}
{"PID":24.0,"condition":4.2,"taskTime":224.900146,"collisionPenalty":156.906845,"distancePenalty":33.8868561,"radPenalty":1009.26154,"collisions":75.0}
{"PID":24.0,"condition":1.1,"taskTime":193.4153,"collisionPenalty":77.05938,"distancePenalty":31.3052883,"radPenalty":1574.96716,"collisions":36.0}
{"PID":11.0,"condition":0.1,"taskTime":365.11145,"collisionPenalty":100.0,"distancePenalty":44.83704,"radPenalty":926.5177,"collisions":50.0}
{"PID":11.0,"condition":0.1,"taskTime":894.5707,"collisionPenalty":412.009674,"distancePenalty":142.586426,"radPenalty":8366.467,"collisions":198.0}
{"PID":11.0,"condition":3.1,"taskTime":249.940384,"collisionPenalty":119.110229,"distancePenalty":45.843853,"radPenalty":209.853363,"collisions":54.0}
{"PID":11.0,"condition":2.2,"taskTime":310.619965,"collisionPenalty":141.68663,"distancePenalty":43.4921227,"radPenalty":874.2475,"collisions":65.0}
{"PID":32.0,"condition":0.1,"taskTime":758.978638,"collisionPenalty":97.9040756,"distancePenalty":38.3292542,"radPenalty":2737.02783,"collisions":47.0}
{"PID":32.0,"condition":1.1,"taskTime":409.561951,"collisionPenalty":615.841431,"distancePenalty":152.505722,"radPenalty":1510.85718,"collisions":292.0}
{"PID":32.0,"condition":4.2,"taskTime":288.614349,"collisionPenalty":336.568939,"distancePenalty":104.5071,"radPenalty":565.3621,"collisions":164.0}
{"PID":21.0,"condition":0.1,"taskTime":264.615143,"collisionPenalty":90.0,"distancePenalty":25.6345634,"radPenalty":598.977356,"collisions":45.0}
{"PID":21.0,"condition":0.1,"taskTime":513.8254,"collisionPenalty":153.643326,"distancePenalty":52.363327,"radPenalty":1102.23193,"collisions":76.0}
{"PID":21.0,"condition":0.1,"taskTime":697.639832,"collisionPenalty":268.025269,"distancePenalty":87.16754,"radPenalty":3289.855,"collisions":131.0}
{"PID":21.0,"condition":2.2,"taskTime":132.0796,"collisionPenalty":115.185425,"distancePenalty":18.8447056,"radPenalty":513.396362,"collisions":54.0}
{"PID":21.0,"condition":3.1,"taskTime":176.7354,"collisionPenalty":176.628784,"distancePenalty":48.51712,"radPenalty":890.1932,"collisions":81.0}
{"PID":33.0,"condition":0.1,"taskTime":761.819946,"collisionPenalty":440.235352,"distancePenalty":192.719284,"radPenalty":6105.20361,"collisions":206.0}
{"PID":33.0,"condition":4.2,"taskTime":152.077744,"collisionPenalty":202.766861,"distancePenalty":80.20486,"radPenalty":683.604553,"collisions":88.0}
{"PID":33.0,"condition":1.1,"taskTime":108.237953,"collisionPenalty":204.467575,"distancePenalty":71.33414,"radPenalty":305.534332,"collisions":100.0}
{"PID":10.0,"condition":0.1,"taskTime":771.3488,"collisionPenalty":375.83,"distancePenalty":114.331078,"radPenalty":4238.23828,"collisions":172.0}
{"PID":10.0,"condition":3.1,"taskTime":249.091064,"collisionPenalty":198.42601,"distancePenalty":71.50941,"radPenalty":540.0262,"collisions":92.0}
{"PID":10.0,"condition":2.2,"taskTime":151.698975,"collisionPenalty":89.16115,"distancePenalty":33.2377968,"radPenalty":1183.624,"collisions":43.0}
{"PID":2.0,"condition":0.1,"taskTime":526.019348,"collisionPenalty":206.96286,"distancePenalty":46.5752563,